,Date,Vander_Score,Buy,Sell
0,2015-01-01,0.07658553249804229,0,1
1,2015-01-02,0.04068358208955223,0,1
2,2015-01-03,0.0,0,1
3,2015-01-04,0.12947440476190478,0,1
4,2015-01-05,0.11325686274509801,0,1
5,2015-01-06,0.0,0,1
6,2015-01-07,-0.2732,1,0
7,2015-01-08,0.1095795061728395,1,0
8,2015-01-09,0.0,0,1
9,2015-01-10,0.0,0,1
10,2015-01-11,0.0,0,1
11,2015-01-12,0.6369,0,1
12,2015-01-13,0.0,0,1
13,2015-01-14,0.25,1,0
14,2015-01-15,0.0,0,1
15,2015-01-16,0.0,0,1
16,2015-01-17,0.0,0,1
17,2015-01-18,0.0,0,1
18,2015-01-19,0.0,0,1
19,2015-01-20,0.0,1,0
20,2015-01-21,0.12470658174097664,1,0
21,2015-01-22,0.34,1,0
22,2015-01-23,0.4927,1,0
23,2015-01-24,0.2771465909090909,1,0
24,2015-01-25,0.09020193637621023,1,0
25,2015-01-26,-0.026285337078651688,0,1
26,2015-01-27,0.004692164471220941,0,1
27,2015-01-28,0.0007379503497305359,0,1
28,2015-01-29,0.01372441117764471,1,0
29,2015-01-30,-0.013978807649043874,0,1
30,2015-01-31,0.0,0,1
31,2015-02-01,0.0,0,1
32,2015-02-02,0.0,1,0
33,2015-02-03,-0.12307555555555556,1,0
34,2015-02-04,0.0,1,0
35,2015-02-05,0.03842214149139579,0,1
36,2015-02-06,0.005168686868686868,0,1
37,2015-02-07,0.0,0,1
38,2015-02-08,0.0,0,1
39,2015-02-09,0.0,1,0
40,2015-02-10,0.003841041454730417,1,0
41,2015-02-11,0.017098145093062605,1,0
42,2015-02-12,0.033282259638848226,1,0
43,2015-02-13,0.0073668416447944,0,1
44,2015-02-14,0.056400468933177024,0,1
45,2015-02-15,0.0,0,1
46,2015-02-16,0.06164157160963243,0,1
47,2015-02-17,0.0074929059233449485,1,0
48,2015-02-18,-0.007247746781115875,1,0
49,2015-02-19,0.14389589603283173,0,1
50,2015-02-20,-0.017956129032258066,1,0
51,2015-02-21,0.0,1,0
52,2015-02-22,0.016299293059125964,1,0
53,2015-02-23,0.014043777882748125,1,0
54,2015-02-24,0.021468394308943085,0,1
55,2015-02-25,0.5859,0,1
56,2015-02-26,0.02542230267921796,1,0
57,2015-02-27,0.15726521739130433,0,1
58,2015-02-28,0.0,0,1
59,2015-03-01,0.5994,0,1
60,2015-03-02,0.06502012987012987,0,1
61,2015-03-03,0.06062023593466424,1,0
62,2015-03-04,-0.6369,0,1
63,2015-03-05,0.020587722419928827,0,1
64,2015-03-06,0.005735702199661591,0,1
65,2015-03-07,0.0772,0,1
66,2015-03-08,0.07692651515151515,0,1
67,2015-03-09,0.007746555628606912,0,1
68,2015-03-10,0.00842768115942029,0,1
69,2015-03-11,0.0,0,1
70,2015-03-12,-0.031188118811881188,1,0
71,2015-03-13,0.17331913746630728,0,1
72,2015-03-14,0.0,0,1
73,2015-03-15,0.0,0,1
74,2015-03-16,0.0,1,0
75,2015-03-17,0.004118260869565217,1,0
76,2015-03-18,0.0,1,0
77,2015-03-19,0.02608208722741433,0,1
78,2015-03-20,-0.025800241157556268,0,1
79,2015-03-21,0.0,0,1
80,2015-03-22,0.0,0,1
81,2015-03-23,0.0,1,0
82,2015-03-24,0.0,0,1
83,2015-03-25,0.0,0,1
84,2015-03-26,0.0,1,0
85,2015-03-27,-0.002217142857142855,0,1
86,2015-03-28,0.0,0,1
87,2015-03-29,0.0,0,1
88,2015-03-30,0.18713632478632478,1,0
89,2015-03-31,0.09144702970297029,0,1
90,2015-04-01,0.0,0,1
91,2015-04-02,0.7562,1,0
92,2015-04-03,0.0,1,0
93,2015-04-04,0.0,1,0
94,2015-04-05,0.0,1,0
95,2015-04-06,0.10531304347826087,1,0
96,2015-04-07,0.0,0,1
97,2015-04-08,0.02027699115044248,0,1
98,2015-04-09,0.016427851373182555,1,0
99,2015-04-10,0.0050374670184696576,1,0
100,2015-04-11,0.26753078703703703,1,0
101,2015-04-12,-0.02014802110817942,1,0
102,2015-04-13,0.15012419161676646,0,1
103,2015-04-14,0.0,0,1
104,2015-04-15,0.0,1,0
105,2015-04-16,0.0,0,1
106,2015-04-17,-0.1027,0,1
107,2015-04-18,0.0,0,1
108,2015-04-19,0.1903082904516867,0,1
109,2015-04-20,0.5859,1,0
110,2015-04-21,0.0,0,1
111,2015-04-22,0.0,1,0
112,2015-04-23,0.0,1,0
113,2015-04-24,0.04285117684478371,0,1
114,2015-04-25,0.0,0,1
115,2015-04-26,0.12986060606060607,0,1
116,2015-04-27,0.0029482843137254903,1,0
117,2015-04-28,-0.004590012956901258,0,1
118,2015-04-29,0.0,0,1
119,2015-04-30,-0.0558295751633987,0,1
120,2015-05-01,-0.007830142231947484,1,0
121,2015-05-02,0.0,1,0
122,2015-05-03,0.11558555555555555,1,0
123,2015-05-04,0.0,0,1
124,2015-05-05,-0.34726858108108105,0,1
125,2015-05-06,-0.6326,0,1
126,2015-05-07,0.0,1,0
127,2015-05-08,0.0,1,0
128,2015-05-09,0.0,1,0
129,2015-05-10,0.0,1,0
130,2015-05-11,0.0,0,1
131,2015-05-12,0.0,1,0
132,2015-05-13,0.0,0,1
133,2015-05-14,0.0,1,0
134,2015-05-15,0.0,0,1
135,2015-05-16,0.0,0,1
136,2015-05-17,0.5574,0,1
137,2015-05-18,0.039877785515320334,1,0
138,2015-05-19,0.04473777777777777,0,1
139,2015-05-20,0.0,1,0
140,2015-05-21,0.4215,1,0
141,2015-05-22,0.4404,1,0
142,2015-05-23,0.3182,1,0
143,2015-05-24,0.0,1,0
144,2015-05-25,0.0,1,0
145,2015-05-26,0.0,0,1
146,2015-05-27,0.03115042682926829,1,0
147,2015-05-28,0.0,0,1
148,2015-05-29,0.0,0,1
149,2015-05-30,0.1539097796143251,0,1
150,2015-05-31,0.0,0,1
151,2015-06-01,-0.0531,0,1
152,2015-06-02,0.0,1,0
153,2015-06-03,0.0,0,1
154,2015-06-04,0.0,0,1
155,2015-06-05,0.0,0,1
156,2015-06-06,-0.02592387096774193,0,1
157,2015-06-07,-0.5709,0,1
158,2015-06-08,0.0,0,1
159,2015-06-09,0.03933434343434342,1,0
160,2015-06-10,-0.04900764331210191,1,0
161,2015-06-11,-0.09888148148148147,0,1
162,2015-06-12,-0.17932115384615382,0,1
163,2015-06-13,0.0,0,1
164,2015-06-14,-0.036177777777777774,0,1
165,2015-06-15,0.8767,1,0
166,2015-06-16,0.0,1,0
167,2015-06-17,-0.2721298076923077,0,1
168,2015-06-18,0.0,1,0
169,2015-06-19,-0.15096470588235295,0,1
170,2015-06-20,0.0,0,1
171,2015-06-21,0.2447648148148148,0,1
172,2015-06-22,0.10469887387387387,1,0
173,2015-06-23,0.02128627450980392,0,1
174,2015-06-24,0.08563975749840459,1,0
175,2015-06-25,0.06800584795321639,0,1
176,2015-06-26,0.0,0,1
177,2015-06-27,0.0,0,1
178,2015-06-28,0.0,0,1
179,2015-06-29,0.0,0,1
180,2015-06-30,0.4019,0,1
181,2015-07-01,0.0007876553438276723,0,1
182,2015-07-02,0.0,1,0
183,2015-07-03,0.0,1,0
184,2015-07-04,0.5106,1,0
185,2015-07-05,-0.3612,1,0
186,2015-07-06,0.0,1,0
187,2015-07-07,0.0,0,1
188,2015-07-08,-0.22197499999999998,0,1
189,2015-07-09,-0.02158247863247863,0,1
190,2015-07-10,0.042385840707964605,1,0
191,2015-07-11,0.0,1,0
192,2015-07-12,0.6249,1,0
193,2015-07-13,0.29876739926739926,1,0
194,2015-07-14,0.18562200598802397,0,1
195,2015-07-15,0.047438493723849375,1,0
196,2015-07-16,-0.06257092419522327,1,0
197,2015-07-17,-0.006284160756501178,1,0
198,2015-07-18,0.23319344262295083,1,0
199,2015-07-19,-0.038421666666666666,1,0
200,2015-07-20,0.0,1,0
201,2015-07-21,0.004577861659798211,0,1
202,2015-07-22,0.0018339498313949486,1,0
203,2015-07-23,0.007045856610800745,0,1
204,2015-07-24,0.0,0,1
205,2015-07-25,0.06395348837209303,0,1
206,2015-07-26,0.0,0,1
207,2015-07-27,0.0,0,1
208,2015-07-28,0.128,1,0
209,2015-07-29,0.0,0,1
210,2015-07-30,0.0,1,0
211,2015-07-31,0.0,0,1
212,2015-08-01,0.25762199999999996,0,1
213,2015-08-02,0.4404,0,1
214,2015-08-03,0.0,0,1
215,2015-08-04,-0.004041283361726291,0,1
216,2015-08-05,-0.0670051724137931,1,0
217,2015-08-06,0.0,0,1
218,2015-08-07,0.03756804347826087,1,0
219,2015-08-08,0.0,1,0
220,2015-08-09,0.0,1,0
221,2015-08-10,0.0,1,0
222,2015-08-11,0.0,0,1
223,2015-08-12,0.3019777777777778,1,0
224,2015-08-13,-0.003197337883959045,0,1
225,2015-08-14,0.010959138187221397,1,0
226,2015-08-15,0.4404,1,0
227,2015-08-16,0.0,1,0
228,2015-08-17,0.0,1,0
229,2015-08-18,0.0,1,0
230,2015-08-19,0.0,0,1
231,2015-08-20,0.0,0,1
232,2015-08-21,-0.07039989350372738,0,1
233,2015-08-22,0.0,0,1
234,2015-08-23,-0.1531,0,1
235,2015-08-24,-0.003442825827022718,1,0
236,2015-08-25,0.07822676767676767,0,1
237,2015-08-26,-0.02391802575107296,1,0
238,2015-08-27,-0.0007766366366366367,1,0
239,2015-08-28,-0.010684371184371183,1,0
240,2015-08-29,0.0,1,0
241,2015-08-30,0.0,1,0
242,2015-08-31,0.04623983146067416,1,0
243,2015-09-01,0.042799899193548395,0,1
244,2015-09-02,0.07244976525821596,1,0
245,2015-09-03,0.0,0,1
246,2015-09-04,-0.10234454976303316,1,0
247,2015-09-05,0.0,1,0
248,2015-09-06,-0.25,1,0
249,2015-09-07,0.0,1,0
250,2015-09-08,-0.039059189189189186,1,0
251,2015-09-09,0.006478510396420844,0,1
252,2015-09-10,-0.006004601941747572,1,0
253,2015-09-11,0.20681981156098805,1,0
254,2015-09-12,0.5994,1,0
255,2015-09-13,0.0,1,0
256,2015-09-14,0.0,0,1
257,2015-09-15,0.0,1,0
258,2015-09-16,0.06313727134146341,1,0
259,2015-09-17,0.023277734204793028,0,1
260,2015-09-18,0.10987493638676843,1,0
261,2015-09-19,0.0,1,0
262,2015-09-20,0.0,1,0
263,2015-09-21,-0.004684514925373135,1,0
264,2015-09-22,-0.08444096774193548,1,0
265,2015-09-23,0.08699378881987578,1,0
266,2015-09-24,-0.025728205128205128,1,0
267,2015-09-25,0.0,0,1
268,2015-09-26,-0.043404639175257734,0,1
269,2015-09-27,-0.3612,0,1
270,2015-09-28,0.011044776119402983,0,1
271,2015-09-29,0.005457627118644067,0,1
272,2015-09-30,0.017628125,1,0
273,2015-10-01,0.09667317073170732,1,0
274,2015-10-02,-0.296,1,0
275,2015-10-03,0.765,1,0
276,2015-10-04,0.03273076923076923,1,0
277,2015-10-05,0.07516831683168318,1,0
278,2015-10-06,0.015560493827160488,1,0
279,2015-10-07,0.07192307692307692,0,1
280,2015-10-08,0.03106365546218488,0,1
281,2015-10-09,-0.296,1,0
282,2015-10-10,0.12521176470588236,1,0
283,2015-10-11,0.0,1,0
284,2015-10-12,0.0,0,1
285,2015-10-13,-0.03008653846153847,1,0
286,2015-10-14,-0.020410499770747364,0,1
287,2015-10-15,0.743,1,0
288,2015-10-16,0.0,0,1
289,2015-10-17,0.5859,0,1
290,2015-10-18,0.0,0,1
291,2015-10-19,0.01781538461538462,1,0
292,2015-10-20,-0.07298961538461539,1,0
293,2015-10-21,0.0,0,1
294,2015-10-22,0.0,1,0
295,2015-10-23,0.22629111747851005,1,0
296,2015-10-24,0.0,1,0
297,2015-10-25,0.011384148376331662,1,0
298,2015-10-26,-0.07480620437956205,0,1
299,2015-10-27,0.012499792731552228,0,1
300,2015-10-28,0.0363374169597499,1,0
301,2015-10-29,0.10797353862212943,1,0
302,2015-10-30,0.08107892156862746,0,1
303,2015-10-31,0.0,0,1
304,2015-11-01,0.0,0,1
305,2015-11-02,0.0,1,0
306,2015-11-03,0.0,1,0
307,2015-11-04,0.17412201257861634,0,1
308,2015-11-05,0.2023,0,1
309,2015-11-06,0.2263,0,1
310,2015-11-07,0.0,0,1
311,2015-11-08,0.11691636363636362,0,1
312,2015-11-09,0.0,0,1
313,2015-11-10,0.14364758064516128,0,1
314,2015-11-11,-0.009176636363636366,0,1
315,2015-11-12,0.0,0,1
316,2015-11-13,0.0,0,1
317,2015-11-14,0.0,0,1
318,2015-11-15,0.0,0,1
319,2015-11-16,0.0,1,0
320,2015-11-17,0.0258,0,1
321,2015-11-18,0.06387368421052632,1,0
322,2015-11-19,0.0,1,0
323,2015-11-20,0.18568617021276596,1,0
324,2015-11-21,0.0,1,0
325,2015-11-22,0.0,1,0
326,2015-11-23,0.0,0,1
327,2015-11-24,0.9274,1,0
328,2015-11-25,0.4019,0,1
329,2015-11-26,0.0,0,1
330,2015-11-27,-0.4391,0,1
331,2015-11-28,0.0,0,1
332,2015-11-29,0.6369,0,1
333,2015-11-30,0.08710807692307691,1,0
334,2015-12-01,0.0,0,1
335,2015-12-02,0.0,0,1
336,2015-12-03,0.1393822368421053,0,1
337,2015-12-04,0.052723721881390594,1,0
338,2015-12-05,0.0,1,0
339,2015-12-06,-0.6249,1,0
340,2015-12-07,-0.08563709677419354,0,1
341,2015-12-08,0.0,1,0
342,2015-12-09,0.4019,0,1
343,2015-12-10,0.09203374485596709,1,0
344,2015-12-11,0.0,0,1
345,2015-12-12,0.0,0,1
346,2015-12-13,0.16686896551724137,0,1
347,2015-12-14,0.0,1,0
348,2015-12-15,0.4404,0,1
349,2015-12-16,0.0,1,0
350,2015-12-17,0.0,0,1
351,2015-12-18,0.008681012658227847,0,1
352,2015-12-19,0.0,0,1
353,2015-12-20,0.0,0,1
354,2015-12-21,-0.008254458161865569,1,0
355,2015-12-22,0.012183390607101947,0,1
356,2015-12-23,0.030536546184738958,1,0
357,2015-12-24,0.5256,0,1
358,2015-12-25,0.2142078512396694,0,1
359,2015-12-26,0.0,0,1
360,2015-12-27,0.0,0,1
361,2015-12-28,0.0,0,1
362,2015-12-29,0.0,1,0
363,2015-12-30,0.0,0,1
364,2015-12-31,0.0,0,1
365,2016-01-01,0.08347258382642997,0,1
366,2016-01-02,0.0,0,1
367,2016-01-03,0.5023,0,1
368,2016-01-04,-0.004322818791946306,1,0
369,2016-01-05,0.2535527061855671,0,1
370,2016-01-06,0.011049434359379112,1,0
371,2016-01-07,0.004702438271604938,0,1
372,2016-01-08,-0.009681643472498341,0,1
373,2016-01-09,0.4063,0,1
374,2016-01-10,0.0,0,1
375,2016-01-11,-0.054218881118881124,0,1
376,2016-01-12,-0.3134542502004811,0,1
377,2016-01-13,0.04541245421245422,0,1
378,2016-01-14,-0.29972950819672134,1,0
379,2016-01-15,-0.4215,1,0
380,2016-01-16,0.0,1,0
381,2016-01-17,0.0,1,0
382,2016-01-18,0.0,1,0
383,2016-01-19,0.0,0,1
384,2016-01-20,0.0,1,0
385,2016-01-21,0.0,0,1
386,2016-01-22,0.0,1,0
387,2016-01-23,-0.08025981308411215,1,0
388,2016-01-24,-0.07814423076923077,1,0
389,2016-01-25,0.050369122383252814,0,1
390,2016-01-26,0.005106045717984173,1,0
391,2016-01-27,0.0026675505449376084,0,1
392,2016-01-28,-0.0016509024979854958,1,0
393,2016-01-29,0.0798319850831899,1,0
394,2016-01-30,0.0059664902998236334,1,0
395,2016-01-31,-0.07563244444444445,1,0
396,2016-02-01,0.19065755868544598,0,1
397,2016-02-02,0.05833734627831716,0,1
398,2016-02-03,0.12592499999999998,1,0
399,2016-02-04,0.3612,1,0
400,2016-02-05,0.07818621621621621,0,1
401,2016-02-06,0.0,0,1
402,2016-02-07,0.0,0,1
403,2016-02-08,0.13047460317460316,1,0
404,2016-02-09,0.0,1,0
405,2016-02-10,0.1441489795918367,0,1
406,2016-02-11,0.0,0,1
407,2016-02-12,0.0,0,1
408,2016-02-13,-0.1027,0,1
409,2016-02-14,0.0,0,1
410,2016-02-15,0.0,0,1
411,2016-02-16,0.015505146198830411,1,0
412,2016-02-17,0.015883410138248847,1,0
413,2016-02-18,0.09101102362204723,0,1
414,2016-02-19,-0.08700072463768115,1,0
415,2016-02-20,-0.2023,1,0
416,2016-02-21,0.296,1,0
417,2016-02-22,-0.008614063260340631,1,0
418,2016-02-23,-0.4019,0,1
419,2016-02-24,-0.08100608108108107,1,0
420,2016-02-25,0.07457399527186762,1,0
421,2016-02-26,0.0,0,1
422,2016-02-27,0.34,0,1
423,2016-02-28,0.0,0,1
424,2016-02-29,0.0,0,1
425,2016-03-01,-0.8338,1,0
426,2016-03-02,-0.5538,1,0
427,2016-03-03,0.0878139534883721,1,0
428,2016-03-04,0.0,1,0
429,2016-03-05,0.0,1,0
430,2016-03-06,-0.08225772357723576,1,0
431,2016-03-07,-0.05860704225352115,0,1
432,2016-03-08,0.27880245901639344,1,0
433,2016-03-09,0.0,0,1
434,2016-03-10,0.10880470588235294,0,1
435,2016-03-11,0.0,1,0
436,2016-03-12,0.05527167630057804,1,0
437,2016-03-13,0.0,1,0
438,2016-03-14,0.006374558303886926,1,0
439,2016-03-15,0.0,1,0
440,2016-03-16,0.0,1,0
441,2016-03-17,-0.13617865853658537,1,0
442,2016-03-18,0.0147,0,1
443,2016-03-19,0.4767,0,1
444,2016-03-20,0.0,0,1
445,2016-03-21,-0.001122028725314183,0,1
446,2016-03-22,0.08898928571428572,1,0
447,2016-03-23,0.054035153256704986,0,1
448,2016-03-24,0.0,1,0
449,2016-03-25,0.3385604395604396,1,0
450,2016-03-26,0.057365084745762726,1,0
451,2016-03-27,0.26381920903954803,1,0
452,2016-03-28,0.023694581280788173,0,1
453,2016-03-29,-0.1702324675324675,1,0
454,2016-03-30,0.0,1,0
455,2016-03-31,-0.296,0,1
456,2016-04-01,0.03526260748959778,1,0
457,2016-04-02,-0.00967463768115942,1,0
458,2016-04-03,0.0,1,0
459,2016-04-04,0.0,1,0
460,2016-04-05,0.0,1,0
461,2016-04-06,0.023047311827956992,1,0
462,2016-04-07,-0.25410722543352604,0,1
463,2016-04-08,0.504,0,1
464,2016-04-09,0.0,0,1
465,2016-04-10,-0.02971043890865956,0,1
466,2016-04-11,0.019081914893617023,1,0
467,2016-04-12,0.1779,1,0
468,2016-04-13,0.0,1,0
469,2016-04-14,0.020428571428571428,1,0
470,2016-04-15,0.03090801075268817,0,1
471,2016-04-16,0.05809342403628118,0,1
472,2016-04-17,0.11759398496240601,0,1
473,2016-04-18,-0.0276,0,1
474,2016-04-19,0.11337627118644071,0,1
475,2016-04-20,0.0019390266875981138,1,0
476,2016-04-21,0.06458038461538461,0,1
477,2016-04-22,-0.08164344086021506,1,0
478,2016-04-23,0.034836408364083644,1,0
479,2016-04-24,0.09823487738419619,1,0
480,2016-04-25,-0.08787656249999999,1,0
481,2016-04-26,0.0009997423298178328,1,0
482,2016-04-27,0.029098637004543317,1,0
483,2016-04-28,-0.005389517906336087,0,1
484,2016-04-29,0.0629907697790449,0,1
485,2016-04-30,0.029457692307692313,0,1
486,2016-05-01,0.0,0,1
487,2016-05-02,0.0009302209131075102,0,1
488,2016-05-03,0.01998987366003063,1,0
489,2016-05-04,-0.08629411764705881,0,1
490,2016-05-05,-0.021396226415094338,0,1
491,2016-05-06,0.018699063231850117,0,1
492,2016-05-07,0.0,0,1
493,2016-05-08,0.017007908163265306,0,1
494,2016-05-09,-0.150698786407767,0,1
495,2016-05-10,0.12321153846153847,1,0
496,2016-05-11,0.0,0,1
497,2016-05-12,-0.00712763157894737,0,1
498,2016-05-13,0.0,1,0
499,2016-05-14,0.0,1,0
500,2016-05-15,-0.6369,1,0
501,2016-05-16,0.011081534688156973,1,0
502,2016-05-17,-0.05508749066467513,0,1
503,2016-05-18,0.171384693877551,1,0
504,2016-05-19,0.01681607142857143,0,1
505,2016-05-20,0.016548458149779736,1,0
506,2016-05-21,-0.04717318181818182,1,0
507,2016-05-22,0.017097757255936673,1,0
508,2016-05-23,0.08949346733668341,1,0
509,2016-05-24,-0.045284776119402986,1,0
510,2016-05-25,-0.03472586206896551,1,0
511,2016-05-26,0.34,1,0
512,2016-05-27,-0.1531,1,0
513,2016-05-28,0.0,1,0
514,2016-05-29,0.0587045744680851,1,0
515,2016-05-30,0.0,1,0
516,2016-05-31,0.4939,1,0
517,2016-06-01,0.04794491525423729,0,1
518,2016-06-02,0.0,1,0
519,2016-06-03,0.17427719298245614,1,0
520,2016-06-04,0.0,1,0
521,2016-06-05,0.07040054945054945,1,0
522,2016-06-06,0.023414351851851853,1,0
523,2016-06-07,0.0062945000000000015,0,1
524,2016-06-08,0.0,0,1
525,2016-06-09,0.5859,1,0
526,2016-06-10,0.055778969594594593,1,0
527,2016-06-11,0.0,1,0
528,2016-06-12,0.14385849056603772,1,0
529,2016-06-13,0.009707267877979663,0,1
530,2016-06-14,0.0,1,0
531,2016-06-15,-0.03716494623655914,0,1
532,2016-06-16,0.11680533333333333,1,0
533,2016-06-17,-0.005729166666666667,0,1
534,2016-06-18,0.0,0,1
535,2016-06-19,0.0,0,1
536,2016-06-20,0.022547089041095886,0,1
537,2016-06-21,0.028736507936507935,1,0
538,2016-06-22,-0.09785080168776371,0,1
539,2016-06-23,0.04926887966804979,1,0
540,2016-06-24,0.0,1,0
541,2016-06-25,-0.0516,1,0
542,2016-06-26,0.2835372549019608,1,0
543,2016-06-27,0.0,0,1
544,2016-06-28,0.2023,1,0
545,2016-06-29,0.032703415637860084,1,0
546,2016-06-30,-0.02485557598039216,1,0
547,2016-07-01,-0.024607518248175187,1,0
548,2016-07-02,-0.6124,1,0
549,2016-07-03,-0.05548590604026846,1,0
550,2016-07-04,-0.035269109947643984,1,0
551,2016-07-05,-0.053594851994852,0,1
552,2016-07-06,-0.1534668539325843,1,0
553,2016-07-07,0.0,1,0
554,2016-07-08,0.06233405172413793,1,0
555,2016-07-09,0.0,1,0
556,2016-07-10,-0.02112956621004566,1,0
557,2016-07-11,0.028073394495412848,1,0
558,2016-07-12,0.05184585152838428,1,0
559,2016-07-13,0.14799324324324323,0,1
560,2016-07-14,0.07643956043956045,1,0
561,2016-07-15,0.296,0,1
562,2016-07-16,-0.21729276595744684,0,1
563,2016-07-17,0.0038610655737704933,0,1
564,2016-07-18,0.0,1,0
565,2016-07-19,0.2975,1,0
566,2016-07-20,-0.019466666666666667,0,1
567,2016-07-21,0.0,0,1
568,2016-07-22,-0.03284301075268817,0,1
569,2016-07-23,0.06144414225941423,0,1
570,2016-07-24,-0.01699722448979592,0,1
571,2016-07-25,0.0,0,1
572,2016-07-26,0.0003909362039237612,0,1
573,2016-07-27,0.0010118421052631578,0,1
574,2016-07-28,-0.015260031347962381,1,0
575,2016-07-29,0.0,1,0
576,2016-07-30,0.0,1,0
577,2016-07-31,0.13581012658227848,1,0
578,2016-08-01,0.037814479166666665,1,0
579,2016-08-02,-0.4019,0,1
580,2016-08-03,0.0,1,0
581,2016-08-04,0.03304915254237288,1,0
582,2016-08-05,-0.5775,1,0
583,2016-08-06,0.04629220103986135,1,0
584,2016-08-07,0.053878323699421964,1,0
585,2016-08-08,0.02199578238525607,1,0
586,2016-08-09,-0.18497109375,1,0
587,2016-08-10,-0.06999259072580645,0,1
588,2016-08-11,0.07025900383141763,0,1
589,2016-08-12,0.011711111111111113,1,0
590,2016-08-13,0.0,1,0
591,2016-08-14,0.0,1,0
592,2016-08-15,0.013683836878471755,1,0
593,2016-08-16,0.01722799520766773,0,1
594,2016-08-17,-0.025472288401253918,1,0
595,2016-08-18,0.0,0,1
596,2016-08-19,-0.03252701401050788,1,0
597,2016-08-20,-0.02923005780346821,1,0
598,2016-08-21,0.0,1,0
599,2016-08-22,0.0,0,1
600,2016-08-23,0.0,1,0
601,2016-08-24,-0.011917402376910018,0,1
602,2016-08-25,0.047049695121951216,1,0
603,2016-08-26,0.010213799999999999,0,1
604,2016-08-27,-0.4404,0,1
605,2016-08-28,0.2023,0,1
606,2016-08-29,0.0027026719445818904,1,0
607,2016-08-30,-0.03525430853299706,1,0
608,2016-08-31,0.31845,1,0
609,2016-09-01,0.10048752873563219,1,0
610,2016-09-02,0.0,1,0
611,2016-09-03,-0.6249,1,0
612,2016-09-04,0.021192459016393442,1,0
613,2016-09-05,0.018258706467661694,1,0
614,2016-09-06,0.014222222222222221,0,1
615,2016-09-07,0.004571065858334629,1,0
616,2016-09-08,0.028728962737092353,0,1
617,2016-09-09,-0.005490337711069416,0,1
618,2016-09-10,0.0,0,1
619,2016-09-11,-0.03220892156862745,0,1
620,2016-09-12,-0.6249,1,0
621,2016-09-13,0.011059783475783475,1,0
622,2016-09-14,0.014160345499054188,1,0
623,2016-09-15,0.0062338558950299425,1,0
624,2016-09-16,-0.00012205334987593022,0,1
625,2016-09-17,0.03275229357798165,0,1
626,2016-09-18,0.007411240506329114,0,1
627,2016-09-19,0.10258620689655173,0,1
628,2016-09-20,0.026725000000000002,1,0
629,2016-09-21,0.05302300330033003,0,1
630,2016-09-22,0.029865641711229948,1,0
631,2016-09-23,0.0,0,1
632,2016-09-24,0.0,0,1
633,2016-09-25,-0.058744263456090656,0,1
634,2016-09-26,0.010773626373626374,1,0
635,2016-09-27,0.6461,1,0
636,2016-09-28,0.005775899999999997,1,0
637,2016-09-29,0.0487135922330097,0,1
638,2016-09-30,0.0510678445229682,1,0
639,2016-10-01,0.0,1,0
640,2016-10-02,0.1779,1,0
641,2016-10-03,0.0,0,1
642,2016-10-04,0.0,0,1
643,2016-10-05,0.02897334538878843,0,1
644,2016-10-06,0.03329484536082474,1,0
645,2016-10-07,0.13273227848101266,0,1
646,2016-10-08,-0.2755,0,1
647,2016-10-09,0.0,0,1
648,2016-10-10,0.03436308823529412,1,0
649,2016-10-11,0.01429325670498084,0,1
650,2016-10-12,0.014983298538622129,0,1
651,2016-10-13,0.4404,1,0
652,2016-10-14,0.057309374999999996,0,1
653,2016-10-15,0.0,0,1
654,2016-10-16,0.0,0,1
655,2016-10-17,0.0,1,0
656,2016-10-18,0.0,0,1
657,2016-10-19,0.06377562408223202,0,1
658,2016-10-20,0.4019,1,0
659,2016-10-21,0.1779,0,1
660,2016-10-22,0.04937564614974687,0,1
661,2016-10-23,0.0,0,1
662,2016-10-24,0.029919042253521128,1,0
663,2016-10-25,0.0010805270010964916,1,0
664,2016-10-26,-0.01115853470437018,1,0
665,2016-10-27,0.0009901732673267313,0,1
666,2016-10-28,0.0,0,1
667,2016-10-29,0.0,0,1
668,2016-10-30,0.11780871327254307,0,1
669,2016-10-31,0.0,0,1
670,2016-11-01,0.0,0,1
671,2016-11-02,0.0,1,0
672,2016-11-03,-0.010357873563218392,0,1
673,2016-11-04,-0.08766153846153846,1,0
674,2016-11-05,0.4019,1,0
675,2016-11-06,0.005663065326633166,1,0
676,2016-11-07,0.059024561403508764,1,0
677,2016-11-08,0.0,1,0
678,2016-11-09,0.012364952153110044,1,0
679,2016-11-10,0.049402068965517236,0,1
680,2016-11-11,0.0,1,0
681,2016-11-12,0.24957272727272728,1,0
682,2016-11-13,0.0,1,0
683,2016-11-14,0.014185096153846156,0,1
684,2016-11-15,0.0,1,0
685,2016-11-16,0.07064727272727273,1,0
686,2016-11-17,0.0,1,0
687,2016-11-18,0.0,1,0
688,2016-11-19,0.0,1,0
689,2016-11-20,0.05855828220858895,1,0
690,2016-11-21,0.012961224489795918,1,0
691,2016-11-22,0.16194999999999998,0,1
692,2016-11-23,0.0,0,1
693,2016-11-24,0.0,0,1
694,2016-11-25,0.0,1,0
695,2016-11-26,0.0,1,0
696,2016-11-27,0.0,1,0
697,2016-11-28,0.30164685314685313,1,0
698,2016-11-29,0.0,1,0
699,2016-11-30,0.0,0,1
700,2016-12-01,0.0,0,1
701,2016-12-02,0.0,1,0
702,2016-12-03,0.0,1,0
703,2016-12-04,0.4019,1,0
704,2016-12-05,0.4019,0,1
705,2016-12-06,0.06667088607594936,1,0
706,2016-12-07,-0.010747325870646765,1,0
707,2016-12-08,0.0,1,0
708,2016-12-09,0.07262425531914894,1,0
709,2016-12-10,0.0,1,0
710,2016-12-11,0.0,1,0
711,2016-12-12,0.0,1,0
712,2016-12-13,-0.11315,1,0
713,2016-12-14,0.0,1,0
714,2016-12-15,-0.2584,1,0
715,2016-12-16,0.0,0,1
716,2016-12-17,0.0,0,1
717,2016-12-18,0.0,0,1
718,2016-12-19,0.06602650602409639,1,0
719,2016-12-20,-0.012086770072992692,1,0
720,2016-12-21,0.1602939130434783,1,0
721,2016-12-22,0.0,0,1
722,2016-12-23,-0.09374120956399438,1,0
723,2016-12-24,0.0,1,0
724,2016-12-25,0.0,1,0
725,2016-12-26,0.0,1,0
726,2016-12-27,-0.13648674579624134,1,0
727,2016-12-28,0.0,0,1
728,2016-12-29,0.0,1,0
729,2016-12-30,0.0,0,1
730,2016-12-31,0.0,0,1
731,2017-01-01,0.0,0,1
732,2017-01-02,0.0,0,1
733,2017-01-03,0.0,1,0
734,2017-01-04,0.0,1,0
735,2017-01-05,-0.5106,1,0
736,2017-01-06,0.036482712215320914,1,0
737,2017-01-07,0.0,1,0
738,2017-01-08,0.0,1,0
739,2017-01-09,0.0353446264073695,1,0
740,2017-01-10,-0.06192479304635761,1,0
741,2017-01-11,0.0,1,0
742,2017-01-12,0.0,1,0
743,2017-01-13,0.0,0,1
744,2017-01-14,0.4939,0,1
745,2017-01-15,0.7096,0,1
746,2017-01-16,0.0,0,1
747,2017-01-17,0.18619973649538868,1,0
748,2017-01-18,0.0,0,1
749,2017-01-19,0.0,1,0
750,2017-01-20,0.0,0,1
751,2017-01-21,0.0,0,1
752,2017-01-22,0.0,0,1
753,2017-01-23,-0.007371890547263689,1,0
754,2017-01-24,-0.2755,1,0
755,2017-01-25,0.0988293103448276,1,0
756,2017-01-26,0.0,1,0
757,2017-01-27,0.296,0,1
758,2017-01-28,0.0,0,1
759,2017-01-29,0.7065,0,1
760,2017-01-30,-0.025839518072289153,1,0
761,2017-01-31,0.0059850496799756184,1,0
762,2017-02-01,0.005520759920634921,1,0
763,2017-02-02,0.025552356687898087,1,0
764,2017-02-03,0.0,1,0
765,2017-02-04,0.0,1,0
766,2017-02-05,0.0,1,0
767,2017-02-06,0.0,1,0
768,2017-02-07,-0.20069196428571429,1,0
769,2017-02-08,0.2263,1,0
770,2017-02-09,0.22663570712136408,1,0
771,2017-02-10,-0.7003,0,1
772,2017-02-11,0.0,0,1
773,2017-02-12,0.0,0,1
774,2017-02-13,0.013888686131386862,1,0
775,2017-02-14,0.03257393138357705,1,0
776,2017-02-15,0.02463236923076923,0,1
777,2017-02-16,0.5399,0,1
778,2017-02-17,0.09229615384615386,1,0
779,2017-02-18,0.0,1,0
780,2017-02-19,0.0,1,0
781,2017-02-20,0.0,1,0
782,2017-02-21,0.11455720720720722,1,0
783,2017-02-22,0.09348169996828416,1,0
784,2017-02-23,0.0258,0,1
785,2017-02-24,0.0,1,0
786,2017-02-25,0.1041923076923077,1,0
787,2017-02-26,0.10438680203045685,1,0
788,2017-02-27,0.2288059259259259,0,1
789,2017-02-28,0.0,0,1
790,2017-03-01,-0.009323871527777777,1,0
791,2017-03-02,0.0,0,1
792,2017-03-03,0.0,1,0
793,2017-03-04,0.0,1,0
794,2017-03-05,0.0,1,0
795,2017-03-06,0.0,0,1
796,2017-03-07,0.07502896456828345,1,0
797,2017-03-08,-0.7184,1,0
798,2017-03-09,0.4767,0,1
799,2017-03-10,-0.4588,0,1
800,2017-03-11,0.0,0,1
801,2017-03-12,0.0,0,1
802,2017-03-13,0.0,1,0
803,2017-03-14,0.03493241758241762,0,1
804,2017-03-15,0.02766457528957529,1,0
805,2017-03-16,0.0,0,1
806,2017-03-17,0.0,0,1
807,2017-03-18,0.0,0,1
808,2017-03-19,0.0,0,1
809,2017-03-20,-0.1358595,1,0
810,2017-03-21,0.08706355748373101,0,1
811,2017-03-22,0.0,1,0
812,2017-03-23,0.0,0,1
813,2017-03-24,-0.12030751466275659,0,1
814,2017-03-25,0.0,0,1
815,2017-03-26,0.0,0,1
816,2017-03-27,0.15245296803652966,1,0
817,2017-03-28,0.0,1,0
818,2017-03-29,0.0,1,0
819,2017-03-30,-0.23157876857749474,0,1
820,2017-03-31,0.219402,0,1
821,2017-04-01,0.013646376811594205,0,1
822,2017-04-02,0.0,0,1
823,2017-04-03,0.4754,0,1
824,2017-04-04,-0.24033587786259542,1,0
825,2017-04-05,0.1222310570626754,0,1
826,2017-04-06,0.2732,0,1
827,2017-04-07,0.13588977272727273,0,1
828,2017-04-08,0.296,0,1
829,2017-04-09,-0.4019,0,1
830,2017-04-10,0.0,0,1
831,2017-04-11,0.0,0,1
832,2017-04-12,0.0,1,0
833,2017-04-13,0.0,0,1
834,2017-04-14,-0.7579,0,1
835,2017-04-15,0.0,0,1
836,2017-04-16,0.0,0,1
837,2017-04-17,0.024339836065573772,1,0
838,2017-04-18,-0.02023021978021979,0,1
839,2017-04-19,-0.043702898550724636,0,1
840,2017-04-20,0.017423931623931622,1,0
841,2017-04-21,0.0,0,1
842,2017-04-22,0.4019,0,1
843,2017-04-23,0.0,0,1
844,2017-04-24,0.0,1,0
845,2017-04-25,0.1206109090909091,1,0
846,2017-04-26,0.0,0,1
847,2017-04-27,0.03031007751937985,0,1
848,2017-04-28,0.008359120370370371,0,1
849,2017-04-29,0.0,0,1
850,2017-04-30,0.0,0,1
851,2017-05-01,0.009927074875958503,1,0
852,2017-05-02,-0.004770881355932203,0,1
853,2017-05-03,0.03053160931174089,1,0
854,2017-05-04,0.06085235602094241,1,0
855,2017-05-05,0.0008296213808463252,1,0
856,2017-05-06,-0.013786720000000002,1,0
857,2017-05-07,0.03579234693877551,1,0
858,2017-05-08,0.008535723870056498,1,0
859,2017-05-09,-0.004442934154793994,1,0
860,2017-05-10,0.006193945945945944,0,1
861,2017-05-11,0.0,1,0
862,2017-05-12,0.0825406015037594,1,0
863,2017-05-13,-0.015245169712793733,1,0
864,2017-05-14,0.05687680292455966,1,0
865,2017-05-15,-0.1630705882352941,0,1
866,2017-05-16,0.0,0,1
867,2017-05-17,-0.041585553145336226,0,1
868,2017-05-18,-0.25,1,0
869,2017-05-19,0.29920327188940093,0,1
870,2017-05-20,-0.6966,0,1
871,2017-05-21,0.040999999999999995,0,1
872,2017-05-22,0.0975318124207858,0,1
873,2017-05-23,0.09818679245283018,0,1
874,2017-05-24,-0.01983811475409837,0,1
875,2017-05-25,0.0,1,0
876,2017-05-26,0.0,0,1
877,2017-05-27,0.2023,0,1
878,2017-05-28,0.0,0,1
879,2017-05-29,0.1006289644012945,0,1
880,2017-05-30,0.4404,1,0
881,2017-05-31,0.2175577777777778,0,1
882,2017-06-01,0.14966321782178219,1,0
883,2017-06-02,0.01289110588235294,1,0
884,2017-06-03,0.07991310344827585,1,0
885,2017-06-04,0.0,1,0
886,2017-06-05,-0.00010830104193576192,0,1
887,2017-06-06,0.01108573858114675,1,0
888,2017-06-07,0.08305653846153845,1,0
889,2017-06-08,0.0,0,1
890,2017-06-09,0.005791761021440617,0,1
891,2017-06-10,0.0,0,1
892,2017-06-11,0.0,0,1
893,2017-06-12,-0.004669630664183738,0,1
894,2017-06-13,0.02687197763801537,0,1
895,2017-06-14,-0.007562645914396887,0,1
896,2017-06-15,-0.016007613168724278,1,0
897,2017-06-16,0.0,0,1
898,2017-06-17,0.09532577319587629,0,1
899,2017-06-18,0.0,0,1
900,2017-06-19,0.06458353510895884,1,0
901,2017-06-20,0.0,0,1
902,2017-06-21,-0.09177706552706555,1,0
903,2017-06-22,-0.07148684210526315,0,1
904,2017-06-23,0.028326527293844363,1,0
905,2017-06-24,0.0,1,0
906,2017-06-25,0.0,1,0
907,2017-06-26,0.0,0,1
908,2017-06-27,-0.0012093206951026858,0,1
909,2017-06-28,0.0130072265625,1,0
910,2017-06-29,-0.013965295774647887,0,1
911,2017-06-30,0.16993464566929134,0,1
912,2017-07-01,0.0,0,1
913,2017-07-02,0.0,0,1
914,2017-07-03,-0.02196329966329966,0,1
915,2017-07-04,-0.0025824919871794854,0,1
916,2017-07-05,0.0,1,0
917,2017-07-06,0.0,0,1
918,2017-07-07,0.12838386270491803,1,0
919,2017-07-08,-0.6369,1,0
920,2017-07-09,0.296,1,0
921,2017-07-10,0.09164588353413655,1,0
922,2017-07-11,0.0,1,0
923,2017-07-12,0.0,0,1
924,2017-07-13,0.0,1,0
925,2017-07-14,0.0,1,0
926,2017-07-15,0.0,1,0
927,2017-07-16,0.5719,1,0
928,2017-07-17,0.0730159734779988,1,0
929,2017-07-18,-0.013548387096774195,1,0
930,2017-07-19,0.10966841004184101,1,0
931,2017-07-20,0.44425,0,1
932,2017-07-21,0.06149580890973035,1,0
933,2017-07-22,0.025732867132867134,1,0
934,2017-07-23,0.06745882352941177,1,0
935,2017-07-24,0.0,1,0
936,2017-07-25,0.09096779661016949,1,0
937,2017-07-26,0.0,1,0
938,2017-07-27,0.020072081497797357,0,1
939,2017-07-28,0.0,0,1
940,2017-07-29,0.0,0,1
941,2017-07-30,0.05836625079974409,0,1
942,2017-07-31,0.008287309644670051,0,1
943,2017-08-01,0.001545604782298971,1,0
944,2017-08-02,0.004961473926924442,0,1
945,2017-08-03,0.01174486146590686,0,1
946,2017-08-04,0.04544607906675308,1,0
947,2017-08-05,0.0,1,0
948,2017-08-06,0.0,1,0
949,2017-08-07,0.0,1,0
950,2017-08-08,-0.01849999999999999,1,0
951,2017-08-09,0.0,1,0
952,2017-08-10,-0.006858354755784039,0,1
953,2017-08-11,0.14385746268656718,1,0
954,2017-08-12,0.0,1,0
955,2017-08-13,-0.028814833005893912,1,0
956,2017-08-14,-0.8481,1,0
957,2017-08-15,-0.09773348348348349,1,0
958,2017-08-16,0.0,0,1
959,2017-08-17,-0.0072282398452611215,0,1
960,2017-08-18,0.017997031829720758,0,1
961,2017-08-19,0.0,0,1
962,2017-08-20,0.05102775280898876,0,1
963,2017-08-21,-0.00045593779453345905,0,1
964,2017-08-22,0.04991350588235294,1,0
965,2017-08-23,0.0,1,0
966,2017-08-24,0.0,0,1
967,2017-08-25,0.041665818882466274,1,0
968,2017-08-26,0.0,1,0
969,2017-08-27,0.07990635313531354,1,0
970,2017-08-28,0.0,1,0
971,2017-08-29,0.07648579545454545,1,0
972,2017-08-30,0.01212997601918464,0,1
973,2017-08-31,0.018581318267419964,1,0
974,2017-09-01,0.017012135176651306,0,1
975,2017-09-02,0.03865242506811988,0,1
976,2017-09-03,0.0,0,1
977,2017-09-04,0.11801190476190476,0,1
978,2017-09-05,0.0,0,1
979,2017-09-06,0.002719546742209632,0,1
980,2017-09-07,0.0,0,1
981,2017-09-08,0.0,0,1
982,2017-09-09,0.0,0,1
983,2017-09-10,0.055250742574257425,0,1
984,2017-09-11,0.046050466744457404,1,0
985,2017-09-12,0.0021442248041638186,0,1
986,2017-09-13,0.3612,0,1
987,2017-09-14,0.051485,0,1
988,2017-09-15,-0.008552949940405244,1,0
989,2017-09-16,0.0,1,0
990,2017-09-17,0.0,1,0
991,2017-09-18,0.10667466666666667,0,1
992,2017-09-19,0.0,0,1
993,2017-09-20,-0.007659346405228758,0,1
994,2017-09-21,-0.3341777777777778,0,1
995,2017-09-22,-0.020755999999999997,0,1
996,2017-09-23,0.0,0,1
997,2017-09-24,0.0,0,1
998,2017-09-25,0.0,1,0
999,2017-09-26,0.013271036979570728,1,0
1000,2017-09-27,0.0,1,0
1001,2017-09-28,0.21330092024539876,0,1
1002,2017-09-29,0.9403,1,0
1003,2017-09-30,0.03612141176470588,1,0
1004,2017-10-01,0.0,1,0
1005,2017-10-02,0.2543662921348314,0,1
1006,2017-10-03,0.13822517730496453,1,0
1007,2017-10-04,0.6369,0,1
1008,2017-10-05,0.0,1,0
1009,2017-10-06,0.03794209039548022,1,0
1010,2017-10-07,0.3612,1,0
1011,2017-10-08,0.0516,1,0
1012,2017-10-09,0.0,1,0
1013,2017-10-10,-0.0020860092044707426,0,1
1014,2017-10-11,0.0,1,0
1015,2017-10-12,0.11355909090909092,0,1
1016,2017-10-13,-0.06889578313253013,1,0
1017,2017-10-14,0.0,1,0
1018,2017-10-15,0.1007,1,0
1019,2017-10-16,0.22378454404945905,1,0
1020,2017-10-17,0.14327479892761397,1,0
1021,2017-10-18,0.0,0,1
1022,2017-10-19,-0.3716,0,1
1023,2017-10-20,-0.06511173184357541,0,1
1024,2017-10-21,0.0,0,1
1025,2017-10-22,0.0,0,1
1026,2017-10-23,0.017210360655737705,0,1
1027,2017-10-24,0.0,1,0
1028,2017-10-25,0.11621176470588235,0,1
1029,2017-10-26,0.4767,1,0
1030,2017-10-27,0.0,1,0
1031,2017-10-28,-0.7351,1,0
1032,2017-10-29,0.1531,1,0
1033,2017-10-30,0.009133665716999051,1,0
1034,2017-10-31,0.03528269230769231,1,0
1035,2017-11-01,0.07498125000000001,0,1
1036,2017-11-02,0.00370253442149678,1,0
1037,2017-11-03,-0.005971650739271549,0,1
1038,2017-11-04,0.2263,0,1
1039,2017-11-05,0.296,0,1
1040,2017-11-06,0.009149090909090909,1,0
1041,2017-11-07,0.4912,1,0
1042,2017-11-08,0.12670540540540542,1,0
1043,2017-11-09,-0.24946658130601795,1,0
1044,2017-11-10,0.1779,0,1
1045,2017-11-11,0.8442,0,1
1046,2017-11-12,0.9671,0,1
1047,2017-11-13,0.206660752688172,1,0
1048,2017-11-14,0.09446070133010882,0,1
1049,2017-11-15,0.0602847619047619,0,1
1050,2017-11-16,0.0,0,1
1051,2017-11-17,0.6027,0,1
1052,2017-11-18,-0.04533028846153846,0,1
1053,2017-11-19,0.020051079136690648,0,1
1054,2017-11-20,0.25459583333333335,0,1
1055,2017-11-21,0.36925723192019955,1,0
1056,2017-11-22,0.03848699763593381,1,0
1057,2017-11-23,0.5256,1,0
1058,2017-11-24,0.15962825484764542,0,1
1059,2017-11-25,0.0,0,1
1060,2017-11-26,0.0,0,1
1061,2017-11-27,0.0,0,1
1062,2017-11-28,-0.5106,0,1
1063,2017-11-29,-0.027003245823389022,0,1
1064,2017-11-30,0.0071260683760683745,1,0
1065,2017-12-01,0.7081,1,0
1066,2017-12-02,0.0,1,0
1067,2017-12-03,-0.5627,1,0
1068,2017-12-04,0.15272602040816327,0,1
1069,2017-12-05,0.0,1,0
1070,2017-12-06,0.11480542168674701,1,0
1071,2017-12-07,-0.03842499999999999,1,0
1072,2017-12-08,0.18139736842105264,0,1
1073,2017-12-09,0.0,0,1
1074,2017-12-10,0.3612,0,1
1075,2017-12-11,0.03556687804878049,1,0
1076,2017-12-12,-0.006391712253829322,0,1
1077,2017-12-13,0.0,0,1
1078,2017-12-14,0.0,0,1
1079,2017-12-15,0.020384236165237726,1,0
1080,2017-12-16,0.0,1,0
1081,2017-12-17,0.0,1,0
1082,2017-12-18,0.26204524207011687,1,0
1083,2017-12-19,0.022052490421455937,0,1
1084,2017-12-20,0.014522821576763486,0,1
1085,2017-12-21,0.022344776119402988,1,0
1086,2017-12-22,0.010850559440559442,1,0
1087,2017-12-23,0.0,1,0
1088,2017-12-24,0.875,1,0
1089,2017-12-25,0.4588,1,0
1090,2017-12-26,-0.04226761658031088,0,1
1091,2017-12-27,-0.0025630679785330944,1,0
1092,2017-12-28,0.05101278195488722,1,0
1093,2017-12-29,0.01083194285714285,0,1
1094,2017-12-30,0.0772,0,1
1095,2017-12-31,0.11779623015873016,0,1
1096,2018-01-01,0.056945144804088584,0,1
1097,2018-01-02,0.01913494475138121,1,0
1098,2018-01-03,0.027091352859135286,0,1
1099,2018-01-04,0.08825225433526011,1,0
1100,2018-01-05,0.015848588235294118,1,0
1101,2018-01-06,-0.3167,1,0
1102,2018-01-07,-0.41125,1,0
1103,2018-01-08,-0.001704698795180722,1,0
1104,2018-01-09,0.007072727272727273,0,1
1105,2018-01-10,0.10401703470031548,1,0
1106,2018-01-11,0.013955293594306048,1,0
1107,2018-01-12,0.025327037906742702,1,0
1108,2018-01-13,0.05526243611584327,1,0
1109,2018-01-14,0.03790322580645161,1,0
1110,2018-01-15,0.03358397727272727,1,0
1111,2018-01-16,0.005882254047322541,0,1
1112,2018-01-17,0.016950606390097024,1,0
1113,2018-01-18,0.012241287767673805,0,1
1114,2018-01-19,-0.016695712909441232,0,1
1115,2018-01-20,0.08846126126126126,0,1
1116,2018-01-21,0.08338536036036034,0,1
1117,2018-01-22,0.007111966292134836,0,1
1118,2018-01-23,-0.01178211567732116,0,1
1119,2018-01-24,0.029585409652076313,0,1
1120,2018-01-25,0.02240857120012793,0,1
1121,2018-01-26,0.027398388059701496,0,1
1122,2018-01-27,0.010087219959266803,0,1
1123,2018-01-28,0.016187976694915257,0,1
1124,2018-01-29,-0.006314664960818807,0,1
1125,2018-01-30,0.011413264106583072,1,0
1126,2018-01-31,0.0224199346108437,1,0
1127,2018-02-01,0.004826330330330329,1,0
1128,2018-02-02,0.009705723974228551,0,1
1129,2018-02-03,0.07788563953488373,0,1
1130,2018-02-04,0.148,0,1
1131,2018-02-05,-0.014870822942643391,0,1
1132,2018-02-06,0.048953396739130434,1,0
1133,2018-02-07,-0.010217657103825136,0,1
1134,2018-02-08,0.0,0,1
1135,2018-02-09,-0.008074864130434786,0,1
1136,2018-02-10,-0.00816483050847458,0,1
1137,2018-02-11,-0.22065973282442747,0,1
1138,2018-02-12,0.047691998078770406,1,0
1139,2018-02-13,0.10323180592991914,1,0
1140,2018-02-14,0.019938601144771747,1,0
1141,2018-02-15,0.023359785059079607,1,0
1142,2018-02-16,0.0768669429097606,1,0
1143,2018-02-17,0.9652,1,0
1144,2018-02-18,0.0,1,0
1145,2018-02-19,0.0,1,0
1146,2018-02-20,0.8987,0,1
1147,2018-02-21,0.12236451807228915,0,1
1148,2018-02-22,0.1224131004366812,1,0
1149,2018-02-23,0.06687235978520287,1,0
1150,2018-02-24,0.0694685499462943,1,0
1151,2018-02-25,0.10672219780219781,1,0
1152,2018-02-26,0.02486281068524971,1,0
1153,2018-02-27,0.13644728033472803,0,1
1154,2018-02-28,0.05171978659243795,0,1
1155,2018-03-01,0.10603035211267606,0,1
1156,2018-03-02,0.05458128342245989,1,0
1157,2018-03-03,0.296,1,0
1158,2018-03-04,0.2263,1,0
1159,2018-03-05,0.031408286908078,1,0
1160,2018-03-06,0.02147962962962963,0,1
1161,2018-03-07,0.0,1,0
1162,2018-03-08,0.040874737604053565,1,0
1163,2018-03-09,0.038604761904761906,1,0
1164,2018-03-10,0.006936301369863021,1,0
1165,2018-03-11,-0.4019,1,0
1166,2018-03-12,0.03546066433566433,1,0
1167,2018-03-13,-0.030841959798994956,0,1
1168,2018-03-14,-0.0689228187919463,0,1
1169,2018-03-15,0.140653698630137,1,0
1170,2018-03-16,-0.024795573440643863,0,1
1171,2018-03-17,0.0,0,1
1172,2018-03-18,0.016356040892193308,0,1
1173,2018-03-19,0.02709737544483986,0,1
1174,2018-03-20,0.08881639784946238,1,0
1175,2018-03-21,0.02697350255378424,0,1
1176,2018-03-22,0.08055663265306123,0,1
1177,2018-03-23,-0.026393109388458225,0,1
1178,2018-03-24,-0.008039842767295597,0,1
1179,2018-03-25,0.001097872340425532,0,1
1180,2018-03-26,0.05537231256890849,1,0
1181,2018-03-27,-0.009020516992046276,0,1
1182,2018-03-28,0.07085460687960687,0,1
1183,2018-03-29,0.136083984375,0,1
1184,2018-03-30,0.6705,0,1
1185,2018-03-31,-0.039919774919614154,0,1
1186,2018-04-01,0.0,0,1
1187,2018-04-02,0.009629552469135806,0,1
1188,2018-04-03,0.015846447264076132,1,0
1189,2018-04-04,0.0027443022547227283,1,0
1190,2018-04-05,0.3816120320855615,1,0
1191,2018-04-06,-0.13118119469026548,0,1
1192,2018-04-07,0.018611404469763365,0,1
1193,2018-04-08,0.01886818181818182,0,1
1194,2018-04-09,0.004963173652694611,1,0
1195,2018-04-10,0.32575309734513275,1,0
1196,2018-04-11,0.03367283333333333,1,0
1197,2018-04-12,0.04290993124522536,1,0
1198,2018-04-13,0.0482595041322314,0,1
1199,2018-04-14,0.06064343302990898,0,1
1200,2018-04-15,0.0,0,1
1201,2018-04-16,0.013960647773279352,1,0
1202,2018-04-17,-0.025322399999999995,1,0
1203,2018-04-18,0.0,1,0
1204,2018-04-19,0.03359173228346457,0,1
1205,2018-04-20,0.008211071428571434,0,1
1206,2018-04-21,0.0,0,1
1207,2018-04-22,0.03884413472706156,0,1
1208,2018-04-23,0.09839620689655172,0,1
1209,2018-04-24,0.0,0,1
1210,2018-04-25,0.1556900462962963,1,0
1211,2018-04-26,-0.04097220956719817,1,0
1212,2018-04-27,0.0,0,1
1213,2018-04-28,-0.0006276001967051878,0,1
1214,2018-04-29,0.0,0,1
1215,2018-04-30,0.0025502521231422506,1,0
1216,2018-05-01,0.001942210519799791,1,0
1217,2018-05-02,0.00577406970412053,1,0
1218,2018-05-03,0.01455367412140575,1,0
1219,2018-05-04,0.01573805032733224,1,0
1220,2018-05-05,0.3818,1,0
1221,2018-05-06,0.14879473684210526,1,0
1222,2018-05-07,0.022248380726698266,0,1
1223,2018-05-08,0.00455676741130092,1,0
1224,2018-05-09,0.04220711462450595,1,0
1225,2018-05-10,6.815876901556226e-05,1,0
1226,2018-05-11,0.08921705937794533,0,1
1227,2018-05-12,0.5984,0,1
1228,2018-05-13,0.0269056891025641,0,1
1229,2018-05-14,0.04891176811594203,0,1
1230,2018-05-15,-0.204736652835408,0,1
1231,2018-05-16,0.09930509413067552,1,0
1232,2018-05-17,0.0,0,1
1233,2018-05-18,0.06380208333333333,0,1
1234,2018-05-19,0.0,0,1
1235,2018-05-20,0.8519,0,1
1236,2018-05-21,0.0,0,1
1237,2018-05-22,0.05036316384180791,0,1
1238,2018-05-23,0.16575752427184465,1,0
1239,2018-05-24,0.010326010544815467,0,1
1240,2018-05-25,0.1132850622406639,1,0
1241,2018-05-26,0.10115,1,0
1242,2018-05-27,0.10677724458204335,1,0
1243,2018-05-28,0.2716,1,0
1244,2018-05-29,0.0,1,0
1245,2018-05-30,0.07707003105590063,0,1
1246,2018-05-31,0.13109795918367348,0,1
1247,2018-06-01,0.03993012919896641,1,0
1248,2018-06-02,0.08598537414965986,1,0
1249,2018-06-03,0.01265238726790451,1,0
1250,2018-06-04,0.04196316204287516,1,0
1251,2018-06-05,0.08351803278688524,1,0
1252,2018-06-06,0.09788276470588236,1,0
1253,2018-06-07,0.0,0,1
1254,2018-06-08,0.030108506944444446,1,0
1255,2018-06-09,-0.0028656177156177187,1,0
1256,2018-06-10,-0.023263692688971497,1,0
1257,2018-06-11,0.0,0,1
1258,2018-06-12,-0.4588,1,0
1259,2018-06-13,0.1417298969072165,0,1
1260,2018-06-14,0.2927070731707317,0,1
1261,2018-06-15,0.0031174807197943437,0,1
1262,2018-06-16,0.0,0,1
1263,2018-06-17,0.35196827956989246,0,1
1264,2018-06-18,0.13545000000000001,1,0
1265,2018-06-19,0.024994277539341924,1,0
1266,2018-06-20,0.24097916666666666,1,0
1267,2018-06-21,-0.12295818815331011,0,1
1268,2018-06-22,0.1324803846153846,0,1
1269,2018-06-23,-0.1429,0,1
1270,2018-06-24,0.0,0,1
1271,2018-06-25,0.21377123893805314,0,1
1272,2018-06-26,0.0,1,0
1273,2018-06-27,0.038357361963190194,0,1
1274,2018-06-28,0.029886524822695035,1,0
1275,2018-06-29,0.5859,0,1
1276,2018-06-30,0.03533663366336633,0,1
1277,2018-07-01,0.0,0,1
1278,2018-07-02,-0.107120390070922,1,0
1279,2018-07-03,0.0,0,1
1280,2018-07-04,0.6249,0,1
1281,2018-07-05,0.7506,1,0
1282,2018-07-06,0.20749587155963306,1,0
1283,2018-07-07,0.0,1,0
1284,2018-07-08,0.9671,1,0
1285,2018-07-09,0.12213745882352942,1,0
1286,2018-07-10,0.07313185185185185,0,1
1287,2018-07-11,-0.14929844961240313,0,1
1288,2018-07-12,0.12096649484536082,1,0
1289,2018-07-13,0.02796941176470589,1,0
1290,2018-07-14,0.09766976744186046,1,0
1291,2018-07-15,0.0,1,0
1292,2018-07-16,0.03647500000000001,0,1
1293,2018-07-17,0.0,1,0
1294,2018-07-18,0.0160993993993994,0,1
1295,2018-07-19,0.0,1,0
1296,2018-07-20,0.0,0,1
1297,2018-07-21,0.05548049713193117,0,1
1298,2018-07-22,0.11404959349593495,0,1
1299,2018-07-23,-0.07893015873015873,1,0
1300,2018-07-24,0.167459765625,1,0
1301,2018-07-25,0.04937134169517293,1,0
1302,2018-07-26,-0.03413474885844749,0,1
1303,2018-07-27,-0.06408837209302326,0,1
1304,2018-07-28,0.0,0,1
1305,2018-07-29,0.1719793103448276,0,1
1306,2018-07-30,0.05432660493827161,0,1
1307,2018-07-31,0.0066565940119760495,0,1
1308,2018-08-01,0.012331463329452851,1,0
1309,2018-08-02,0.0055278255999714416,1,0
1310,2018-08-03,0.011363117750216568,1,0
1311,2018-08-04,0.0829409880239521,1,0
1312,2018-08-05,0.0,1,0
1313,2018-08-06,0.04739298580005718,1,0
1314,2018-08-07,0.028976115586242166,0,1
1315,2018-08-08,0.036470303030303027,1,0
1316,2018-08-09,0.06403594346829641,1,0
1317,2018-08-10,0.008136797220467467,1,0
1318,2018-08-11,-0.02079794117647059,1,0
1319,2018-08-12,-0.027499710144927535,1,0
1320,2018-08-13,0.8272,1,0
1321,2018-08-14,0.03456870471014493,0,1
1322,2018-08-15,0.04044381313131313,1,0
1323,2018-08-16,0.016875749858517263,1,0
1324,2018-08-17,-0.00782112676056338,1,0
1325,2018-08-18,0.01140225134408602,1,0
1326,2018-08-19,0.0,1,0
1327,2018-08-20,0.0,0,1
1328,2018-08-21,0.24738224043715848,0,1
1329,2018-08-22,-0.012154600301659121,1,0
1330,2018-08-23,0.0681401913875598,1,0
1331,2018-08-24,-0.03928893700787402,0,1
1332,2018-08-25,0.09547401215805473,0,1
1333,2018-08-26,0.2208626955475331,0,1
1334,2018-08-27,0.1659890625,1,0
1335,2018-08-28,-0.04671132939156971,1,0
1336,2018-08-29,-0.0012178162763340817,1,0
1337,2018-08-30,0.010077986539540099,1,0
1338,2018-08-31,0.0456168945928887,1,0
1339,2018-09-01,0.28159595959595957,1,0
1340,2018-09-02,0.05136983282674772,1,0
1341,2018-09-03,0.10423734061930784,1,0
1342,2018-09-04,0.05633949125596185,0,1
1343,2018-09-05,0.020449016563147,0,1
1344,2018-09-06,0.22169333333333333,0,1
1345,2018-09-07,-0.0009718270847759437,0,1
1346,2018-09-08,-0.03702924528301886,0,1
1347,2018-09-09,0.0,0,1
1348,2018-09-10,0.013495105639154884,0,1
1349,2018-09-11,0.05391307692307692,1,0
1350,2018-09-12,0.008443630142844922,0,1
1351,2018-09-13,0.03050629134602403,1,0
1352,2018-09-14,0.028984368762475052,0,1
1353,2018-09-15,0.0,0,1
1354,2018-09-16,0.1779,0,1
1355,2018-09-17,0.10884649122807016,0,1
1356,2018-09-18,0.03159243630573248,1,0
1357,2018-09-19,0.007161745457676743,0,1
1358,2018-09-20,-0.0381282583621684,0,1
1359,2018-09-21,0.08096263623978202,0,1
1360,2018-09-22,0.05971085714285714,0,1
1361,2018-09-23,-0.1779,0,1
1362,2018-09-24,0.10827127071823205,1,0
1363,2018-09-25,-0.005273643816500959,1,0
1364,2018-09-26,0.3488066820276498,0,1
1365,2018-09-27,0.0,1,0
1366,2018-09-28,-0.1027,1,0
1367,2018-09-29,0.0,1,0
1368,2018-09-30,0.5712,1,0
1369,2018-10-01,0.6331,0,1
1370,2018-10-02,0.048364675324675324,1,0
1371,2018-10-03,0.0,1,0
1372,2018-10-04,0.08131015873015873,0,1
1373,2018-10-05,-0.07731806451612903,0,1
1374,2018-10-06,0.0,0,1
1375,2018-10-07,0.7964,0,1
1376,2018-10-08,0.06808693693693695,1,0
1377,2018-10-09,0.3531861111111111,1,0
1378,2018-10-10,0.005560507349793064,0,1
1379,2018-10-11,-0.008967037444933918,0,1
1380,2018-10-12,-0.08116274509803922,1,0
1381,2018-10-13,0.0,1,0
1382,2018-10-14,0.0,1,0
1383,2018-10-15,0.0,0,1
1384,2018-10-16,0.14339276485788113,1,0
1385,2018-10-17,0.0,0,1
1386,2018-10-18,0.05777928143712574,0,1
1387,2018-10-19,-0.16396175,1,0
1388,2018-10-20,-0.025877679882525706,1,0
1389,2018-10-21,0.0,1,0
1390,2018-10-22,0.3744,1,0
1391,2018-10-23,0.0,1,0
1392,2018-10-24,-0.004214430894308947,0,1
1393,2018-10-25,-0.004513962264150944,1,0
1394,2018-10-26,0.04703426605504586,1,0
1395,2018-10-27,0.028164062499999996,1,0
1396,2018-10-28,0.16934076923076924,1,0
1397,2018-10-29,-0.015134969657563937,0,1
1398,2018-10-30,-0.007566814814814815,1,0
1399,2018-10-31,0.1154,1,0
1400,2018-11-01,-0.000245102657004831,1,0
1401,2018-11-02,0.004616828809679529,0,1
1402,2018-11-03,0.0,0,1
1403,2018-11-04,0.013658077709611452,0,1
1404,2018-11-05,0.008072519338861371,0,1
1405,2018-11-06,0.02651561904761904,1,0
1406,2018-11-07,0.03266536755386565,1,0
1407,2018-11-08,0.03821749663526245,0,1
1408,2018-11-09,0.1274682389937107,0,1
1409,2018-11-10,0.06407432279909707,0,1
1410,2018-11-11,0.0,0,1
1411,2018-11-12,0.013194379562043796,0,1
1412,2018-11-13,-0.00743750892219843,1,0
1413,2018-11-14,0.010913011093502376,0,1
1414,2018-11-15,-0.012059680354458422,1,0
1415,2018-11-16,0.0052697164948453615,1,0
1416,2018-11-17,0.106146992481203,1,0
1417,2018-11-18,0.0,1,0
1418,2018-11-19,-0.007124890444354704,0,1
1419,2018-11-20,-0.0031042801181608024,0,1
1420,2018-11-21,-0.0024706666666666627,0,1
1421,2018-11-22,0.17869596412556055,0,1
1422,2018-11-23,0.0022031554383116904,0,1
1423,2018-11-24,0.0,0,1
1424,2018-11-25,0.0,0,1
1425,2018-11-26,0.014028723254007489,1,0
1426,2018-11-27,0.024491231707317075,1,0
1427,2018-11-28,0.009364804763764157,1,0
1428,2018-11-29,0.12302778801843314,0,1
1429,2018-11-30,0.01744502978990279,0,1
1430,2018-12-01,-0.23952001455604072,0,1
1431,2018-12-02,0.5399,0,1
1432,2018-12-03,0.018607704099681613,1,0
1433,2018-12-04,0.04228027516075968,0,1
1434,2018-12-05,-0.03822613772455087,0,1
1435,2018-12-06,-0.38790453172205436,1,0
1436,2018-12-07,0.012384245810055865,0,1
1437,2018-12-08,-0.04060575305291725,0,1
1438,2018-12-09,0.0,0,1
1439,2018-12-10,0.0011293142988189422,1,0
1440,2018-12-11,0.1207961904761905,0,1
1441,2018-12-12,0.019030950644298567,0,1
1442,2018-12-13,0.04088522494887526,1,0
1443,2018-12-14,-0.07443626072041166,0,1
1444,2018-12-15,0.4019,0,1
1445,2018-12-16,0.24724591029023746,0,1
1446,2018-12-17,0.041158433734939756,0,1
1447,2018-12-18,0.05319930131004366,1,0
1448,2018-12-19,0.06385,0,1
1449,2018-12-20,-0.02304345434543454,0,1
1450,2018-12-21,0.0028726280902902183,0,1
1451,2018-12-22,-0.02654263565891473,0,1
1452,2018-12-23,0.0,0,1
1453,2018-12-24,-0.02243766314481044,0,1
1454,2018-12-25,-0.021305104281009877,0,1
1455,2018-12-26,0.15190901886792454,1,0
1456,2018-12-27,-0.01911296296296297,1,0
1457,2018-12-28,0.031523688663282576,0,1
1458,2018-12-29,-0.05941996789727126,0,1
1459,2018-12-30,0.09279968944099379,0,1
1460,2018-12-31,0.03795560439560439,0,1
1461,2019-01-01,0.18159863945578233,0,1
1462,2019-01-02,-0.0023818063330167134,1,0
1463,2019-01-03,-0.0006651031143823232,0,1
1464,2019-01-04,-0.004858268953132152,1,0
1465,2019-01-05,0.11584608938547486,1,0
1466,2019-01-06,0.04631434599156118,1,0
1467,2019-01-07,-0.026761301369863023,0,1
1468,2019-01-08,0.007278041521486644,1,0
1469,2019-01-09,0.020007841472045294,1,0
1470,2019-01-10,0.02111504761904762,1,0
1471,2019-01-11,0.019298764728240214,0,1
1472,2019-01-12,-0.04516478060046188,0,1
1473,2019-01-13,0.18298867924528303,0,1
1474,2019-01-14,-0.24228084112149537,0,1
1475,2019-01-15,-0.05110811093668237,1,0
1476,2019-01-16,0.10976563706563706,1,0
1477,2019-01-17,0.10662129411764706,1,0
1478,2019-01-18,0.11848717348927876,0,1
1479,2019-01-19,0.0,0,1
1480,2019-01-20,-0.05235374149659864,0,1
1481,2019-01-21,0.0,0,1
1482,2019-01-22,-0.7184,0,1
1483,2019-01-23,0.1145117711771177,0,1
1484,2019-01-24,0.11872296650717705,0,1
1485,2019-01-25,-0.01304779474130619,1,0
1486,2019-01-26,0.010561081654294802,1,0
1487,2019-01-27,0.0008407090464547656,1,0
1488,2019-01-28,-0.05698864747419881,1,0
1489,2019-01-29,0.0023761503416856486,0,1
1490,2019-01-30,0.010343144927536232,1,0
1491,2019-01-31,-0.046156826456310675,1,0
1492,2019-02-01,-0.025124809441849028,0,1
1493,2019-02-02,0.0,0,1
1494,2019-02-03,0.016846793478260867,0,1
1495,2019-02-04,0.02573520221930209,1,0
1496,2019-02-05,-0.016947074340527574,1,0
1497,2019-02-06,0.007841666666666677,0,1
1498,2019-02-07,-0.06234893617021276,0,1
1499,2019-02-08,0.03296991150442477,1,0
1500,2019-02-09,0.7618,1,0
1501,2019-02-10,0.14966011904761903,1,0
1502,2019-02-11,0.037876851851851856,0,1
1503,2019-02-12,0.00712224025974025,1,0
1504,2019-02-13,0.04461227106227106,0,1
1505,2019-02-14,0.11901111111111111,1,0
1506,2019-02-15,0.057633682830930545,0,1
1507,2019-02-16,0.11866191919191922,0,1
1508,2019-02-17,0.5719,0,1
1509,2019-02-18,0.0,0,1
1510,2019-02-19,0.07348200836820085,1,0
1511,2019-02-20,-0.010175677830940989,1,0
1512,2019-02-21,-0.024169839434810533,0,1
1513,2019-02-22,-0.3818,1,0
1514,2019-02-23,0.0,1,0
1515,2019-02-24,0.006360758082497212,1,0
1516,2019-02-25,0.02699162888601036,1,0
1517,2019-02-26,0.5859,1,0
1518,2019-02-27,0.030226952327953995,1,0
1519,2019-02-28,-0.6486,0,1
1520,2019-03-01,-0.027386666666666667,1,0
1521,2019-03-02,0.16762832369942196,1,0
1522,2019-03-03,0.0,1,0
1523,2019-03-04,0.11585708128078817,1,0
1524,2019-03-05,-0.013910299003322255,0,1
1525,2019-03-06,-0.02278770226537218,0,1
1526,2019-03-07,0.004899538904899137,0,1
1527,2019-03-08,0.6239,1,0
1528,2019-03-09,-0.08744830751577741,1,0
1529,2019-03-10,0.0,1,0
1530,2019-03-11,-0.005321058558558558,1,0
1531,2019-03-12,0.04415427580893683,1,0
1532,2019-03-13,0.05803193916349809,0,1
1533,2019-03-14,0.05213196594427244,0,1
1534,2019-03-15,0.011141496394230769,1,0
1535,2019-03-16,0.023385920271416453,1,0
1536,2019-03-17,0.031014111922141124,1,0
1537,2019-03-18,0.030192180774748924,1,0
1538,2019-03-19,0.05659567901234568,0,1
1539,2019-03-20,0.9062,1,0
1540,2019-03-21,0.008490025575447573,1,0
1541,2019-03-22,0.04559777658431795,0,1
1542,2019-03-23,0.07623854166666667,0,1
1543,2019-03-24,0.06247413069544364,0,1
1544,2019-03-25,0.00965443345323741,0,1
1545,2019-03-26,0.002649751420454543,0,1
1546,2019-03-27,0.054374615002483855,0,1
1547,2019-03-28,0.041652857142857144,0,1
1548,2019-03-29,0.04273613829093281,1,0
1549,2019-03-30,0.13286499999999998,1,0
1550,2019-03-31,-0.01759341963322546,1,0
1551,2019-04-01,-0.02250835475578406,0,1
1552,2019-04-02,0.15852147887323942,1,0
1553,2019-04-03,0.18721859205776173,1,0
1554,2019-04-04,0.16389823651452282,1,0
1555,2019-04-05,0.020482084468664848,1,0
1556,2019-04-06,0.0,1,0
1557,2019-04-07,0.6705,1,0
1558,2019-04-08,0.040448781512605045,1,0
1559,2019-04-09,0.022095182400445557,0,1
1560,2019-04-10,0.22122337662337663,1,0
1561,2019-04-11,0.3838350649350649,0,1
1562,2019-04-12,0.15143114035087718,0,1
1563,2019-04-13,-0.4767,0,1
1564,2019-04-14,0.0,0,1
1565,2019-04-15,0.028825925925925925,1,0
1566,2019-04-16,0.061452210884353736,0,1
1567,2019-04-17,0.006890233050847456,1,0
1568,2019-04-18,0.147503003003003,1,0
1569,2019-04-19,0.0,1,0
1570,2019-04-20,0.0,1,0
1571,2019-04-21,0.8625,1,0
1572,2019-04-22,0.01620070422535211,1,0
1573,2019-04-23,0.11655344801795062,1,0
1574,2019-04-24,-0.0008167272727272745,0,1
1575,2019-04-25,-0.003841879988989815,0,1
1576,2019-04-26,0.1956072951739619,0,1
1577,2019-04-27,0.0009014178482068389,0,1
1578,2019-04-28,-0.03890887772194305,0,1
1579,2019-04-29,0.024038593481989706,1,0
1580,2019-04-30,0.008144631978428041,0,1
1581,2019-05-01,0.019860586262467877,1,0
1582,2019-05-02,0.040992808899483514,0,1
1583,2019-05-03,0.038284202453987726,1,0
1584,2019-05-04,0.3612,1,0
1585,2019-05-05,0.09679107142857142,1,0
1586,2019-05-06,-0.2263,1,0
1587,2019-05-07,-0.07656711711711711,0,1
1588,2019-05-08,0.3108097315436242,1,0
1589,2019-05-09,0.0,1,0
1590,2019-05-10,0.03838262789281364,0,1
1591,2019-05-11,-0.10028961267605635,0,1
1592,2019-05-12,0.0,0,1
1593,2019-05-13,0.052517530946804954,0,1
1594,2019-05-14,0.07258453481207643,1,0
1595,2019-05-15,0.09503970588235294,1,0
1596,2019-05-16,-0.10339533333333333,1,0
1597,2019-05-17,0.09854490049751244,1,0
1598,2019-05-18,0.2470342105263158,1,0
1599,2019-05-19,0.0,1,0
1600,2019-05-20,0.1735768115942029,0,1
1601,2019-05-21,0.030332886690029544,1,0
1602,2019-05-22,-0.042562112403100774,0,1
1603,2019-05-23,0.010448492462311557,0,1
1604,2019-05-24,0.6486,0,1
1605,2019-05-25,0.0,0,1
1606,2019-05-26,-0.06863767029972753,0,1
1607,2019-05-27,0.0,0,1
1608,2019-05-28,0.0562,0,1
1609,2019-05-29,0.044831690997566905,1,0
1610,2019-05-30,0.032405696992986836,1,0
1611,2019-05-31,0.032118897637795275,0,1
1612,2019-06-01,-0.8439,0,1
1613,2019-06-02,0.25,0,1
1614,2019-06-03,0.0011388392007611805,0,1
1615,2019-06-04,0.0,1,0
1616,2019-06-05,0.05349878706199461,0,1
1617,2019-06-06,-0.00299772972972973,1,0
1618,2019-06-07,0.07880486111111112,1,0
1619,2019-06-08,0.041407758620689655,1,0
1620,2019-06-09,0.03796970149253732,1,0
1621,2019-06-10,0.2575294117647059,1,0
1622,2019-06-11,-0.010123592715231791,0,1
1623,2019-06-12,0.004802219006271105,1,0
1624,2019-06-13,0.10827601246105918,0,1
1625,2019-06-14,0.0,1,0
1626,2019-06-15,0.0,1,0
1627,2019-06-16,0.0,1,0
1628,2019-06-17,0.0,1,0
1629,2019-06-18,0.09400892857142858,1,0
1630,2019-06-19,0.07101936936936935,0,1
1631,2019-06-20,0.1681170909090909,0,1
1632,2019-06-21,0.13359916317991632,0,1
1633,2019-06-22,0.0258,0,1
1634,2019-06-23,0.0,0,1
1635,2019-06-24,-0.3612,1,0
1636,2019-06-25,-0.007926782531194295,0,1
1637,2019-06-26,0.034860474860335194,1,0
1638,2019-06-27,0.016357223208999416,0,1
1639,2019-06-28,0.01674378453038674,0,1
1640,2019-06-29,0.0,0,1
1641,2019-06-30,0.0,0,1
1642,2019-07-01,0.08163647186147185,0,1
1643,2019-07-02,0.057317454068241465,1,0
1644,2019-07-03,-0.7964,1,0
1645,2019-07-04,0.0,1,0
1646,2019-07-05,0.06756739864864865,1,0
1647,2019-07-06,0.0,1,0
1648,2019-07-07,0.07458612099644128,1,0
1649,2019-07-08,-0.006773264781491003,0,1
1650,2019-07-09,0.0,1,0
1651,2019-07-10,0.0,1,0
1652,2019-07-11,0.0,0,1
1653,2019-07-12,0.636,1,0
1654,2019-07-13,0.22242035928143708,1,0
1655,2019-07-14,0.10759615384615384,1,0
1656,2019-07-15,0.0952,1,0
1657,2019-07-16,0.0,0,1
1658,2019-07-17,0.12173445121951218,0,1
1659,2019-07-18,0.302634756097561,1,0
1660,2019-07-19,-0.1653446808510638,0,1
1661,2019-07-20,0.0,0,1
1662,2019-07-21,0.5859,0,1
1663,2019-07-22,-0.06550849056603773,1,0
1664,2019-07-23,0.052825440140845066,1,0
1665,2019-07-24,-0.1699730413625304,1,0
1666,2019-07-25,0.0895366826923077,0,1
1667,2019-07-26,-0.036125000000000004,1,0
1668,2019-07-27,0.008165406643757159,1,0
1669,2019-07-28,0.050326880674448765,1,0
1670,2019-07-29,0.01980217391304348,1,0
1671,2019-07-30,0.003097619471759061,1,0
1672,2019-07-31,0.033629754020813626,0,1
1673,2019-08-01,0.007282023928215356,0,1
1674,2019-08-02,0.015499236977256053,0,1
1675,2019-08-03,0.11072511415525114,0,1
1676,2019-08-04,0.254308256880734,0,1
1677,2019-08-05,0.08771868512110727,0,1
1678,2019-08-06,-0.08740436991869918,1,0
1679,2019-08-07,0.24353061224489797,1,0
1680,2019-08-08,0.04418390410958904,1,0
1681,2019-08-09,0.07966679536679537,0,1
1682,2019-08-10,0.0,0,1
1683,2019-08-11,0.219504992248062,0,1
1684,2019-08-12,0.09996172839506176,1,0
1685,2019-08-13,0.051559851551956824,1,0
1686,2019-08-14,0.1552346534653465,0,1
1687,2019-08-15,0.0,0,1
1688,2019-08-16,-0.049652304964539,1,0
1689,2019-08-17,0.4299,1,0
1690,2019-08-18,0.6808,1,0
1691,2019-08-19,-0.06558363095238096,0,1
1692,2019-08-20,0.20527454289732772,0,1
1693,2019-08-21,0.337221875,0,1
1694,2019-08-22,0.08192857142857143,0,1
1695,2019-08-23,0.015875,0,1
1696,2019-08-24,0.9002,0,1
1697,2019-08-25,0.0,0,1
1698,2019-08-26,0.06956063829787229,1,0
1699,2019-08-27,-0.008144572649572648,0,1
1700,2019-08-28,0.8466,1,0
1701,2019-08-29,0.17607734806629835,1,0
1702,2019-08-30,0.0754489965397924,0,1
1703,2019-08-31,0.0,0,1
1704,2019-09-01,-0.3182,0,1
1705,2019-09-02,0.0,0,1
1706,2019-09-03,0.4939,0,1
1707,2019-09-04,0.1495786443148688,1,0
1708,2019-09-05,0.33120641025641023,1,0
1709,2019-09-06,0.0,0,1
1710,2019-09-07,0.0,0,1
1711,2019-09-08,0.10195705128205128,0,1
1712,2019-09-09,-0.011775083867032627,0,1
1713,2019-09-10,0.0012322361834201042,1,0
1714,2019-09-11,0.020233808322824714,1,0
1715,2019-09-12,0.04649443540514155,0,1
1716,2019-09-13,0.02285802097902098,0,1
1717,2019-09-14,0.31696798780487806,0,1
1718,2019-09-15,0.31541060606060606,0,1
1719,2019-09-16,0.09611379310344827,1,0
1720,2019-09-17,0.07098995014955135,1,0
1721,2019-09-18,-0.012360663369217343,1,0
1722,2019-09-19,0.0,0,1
1723,2019-09-20,0.07410793274655833,0,1
1724,2019-09-21,0.36069059405940596,0,1
1725,2019-09-22,-0.03571428571428571,0,1
1726,2019-09-23,0.09993999999999999,0,1
1727,2019-09-24,-0.095883399339934,0,1
1728,2019-09-25,0.3747744186046512,1,0
1729,2019-09-26,0.09813749999999999,0,1
1730,2019-09-27,-0.02117713310580205,0,1
1731,2019-09-28,0.0,0,1
1732,2019-09-29,-0.03288580060422961,0,1
1733,2019-09-30,0.44006333333333336,1,0
1734,2019-10-01,0.093543063583815,0,1
1735,2019-10-02,0.09802763848396501,0,1
1736,2019-10-03,0.0712734746072342,1,0
1737,2019-10-04,0.04615349497597204,1,0
1738,2019-10-05,0.12868074074074073,1,0
1739,2019-10-06,0.06571081081081082,1,0
1740,2019-10-07,0.02480489898989899,1,0
1741,2019-10-08,-0.047856493506493514,0,1
1742,2019-10-09,0.1532090625,1,0
1743,2019-10-10,0.009744229413996856,1,0
1744,2019-10-11,0.03422472658107466,1,0
1745,2019-10-12,0.0,1,0
1746,2019-10-13,0.03128498673740053,1,0
1747,2019-10-14,0.022894801223241588,1,0
1748,2019-10-15,0.10097639902676399,0,1
1749,2019-10-16,0.09023236994219654,1,0
1750,2019-10-17,0.014367123287671235,1,0
1751,2019-10-18,0.09692622680412372,1,0
1752,2019-10-19,0.296,1,0
1753,2019-10-20,0.0,1,0
1754,2019-10-21,-0.0025821590909090916,1,0
1755,2019-10-22,0.03413503127792672,0,1
1756,2019-10-23,0.04066146404385682,1,0
1757,2019-10-24,0.05865733796296297,0,1
1758,2019-10-25,0.1089961818181818,1,0
1759,2019-10-26,0.007719451371571073,1,0
1760,2019-10-27,0.0,1,0
1761,2019-10-28,0.010600716170373161,1,0
1762,2019-10-29,0.2685917721518988,0,1
1763,2019-10-30,0.007814664418112694,0,1
1764,2019-10-31,0.06689039730975214,1,0
1765,2019-11-01,0.008786058772687984,1,0
1766,2019-11-02,-0.05808186991869919,1,0
1767,2019-11-03,-0.05627932692307693,1,0
1768,2019-11-04,0.03699840000000001,1,0
1769,2019-11-05,0.007219968553459119,1,0
1770,2019-11-06,0.12768863636363637,1,0
1771,2019-11-07,0.04807058823529412,1,0
1772,2019-11-08,0.04488431677018634,1,0
1773,2019-11-09,0.048627746741154575,1,0
1774,2019-11-10,0.12952309941520468,1,0
1775,2019-11-11,0.09425245901639344,1,0
1776,2019-11-12,0.025072962287104622,1,0
1777,2019-11-13,0.0076302193604714606,1,0
1778,2019-11-14,-0.04065885269121813,0,1
1779,2019-11-15,0.009904022875172551,1,0
1780,2019-11-16,0.009152182539682538,1,0
1781,2019-11-17,-0.0037870313639679055,1,0
1782,2019-11-18,0.027057795275590553,1,0
1783,2019-11-19,0.07280320723684211,0,1
1784,2019-11-20,0.019277185430463577,0,1
1785,2019-11-21,0.03627331589958159,0,1
1786,2019-11-22,-0.4215,0,1
1787,2019-11-23,0.0,0,1
1788,2019-11-24,0.9565,0,1
1789,2019-11-25,0.13192155844155845,1,0
1790,2019-11-26,0.0345344,0,1
1791,2019-11-27,0.05932096774193549,1,0
1792,2019-11-28,0.2247,1,0
1793,2019-11-29,0.2786583969465649,1,0
1794,2019-11-30,0.15387216494845363,1,0
1795,2019-12-01,0.5411,1,0
1796,2019-12-02,0.02407533260632497,0,1
1797,2019-12-03,0.008050996015936255,1,0
1798,2019-12-04,0.42899632352941175,1,0
1799,2019-12-05,0.0013565789473684124,1,0
1800,2019-12-06,0.07975565088757397,1,0
1801,2019-12-07,0.28528527131782944,1,0
1802,2019-12-08,-0.296,1,0
1803,2019-12-09,-0.0555600358422939,0,1
1804,2019-12-10,-0.3818,0,1
1805,2019-12-11,-0.1531,1,0
1806,2019-12-12,0.029764423963133634,1,0
1807,2019-12-13,0.08522462028677642,1,0
1808,2019-12-14,0.07807992341356675,1,0
1809,2019-12-15,0.5467,1,0
1810,2019-12-16,0.017878311688311686,1,0
1811,2019-12-17,-0.0726960588235294,1,0
1812,2019-12-18,0.0019440202702702691,0,1
1813,2019-12-19,0.10242847003154573,1,0
1814,2019-12-20,0.045287871888281726,0,1
1815,2019-12-21,0.2109125,0,1
1816,2019-12-22,0.0722740797546012,0,1
1817,2019-12-23,-0.01312876838235294,1,0
1818,2019-12-24,0.003518094351334572,0,1
1819,2019-12-25,0.17132288861689104,0,1
1820,2019-12-26,0.009175769186114013,1,0
1821,2019-12-27,0.008900076923076929,0,1
1822,2019-12-28,0.005350747238466536,0,1
1823,2019-12-29,0.08779991649269311,0,1
1824,2019-12-30,0.04880724556139034,1,0
1825,2019-12-31,0.019195588235294117,1,0
